Titolo	Location	Tipologia del luogo	Tipologia dello Spazio	Temporalità dello Spazio	Definizione dello spazio	Note sullo spazio	Interpretazione	osm_id	lat_long	Note
La formica argentina	Sanremo	paese	Aperto > Urbano > Paese	Presente	Spazio reale	La casa del protagonista è incastonata tra siepi e giardini di altre case del paese, su un versante che scende verso il centro cittadino, al porto e al mare per mezzo di scale e strade scoscese.	Deduzione dalla biografia dell’autore	42651	43.8198253,7.7748827	
La speculazione edilizia	Liguria	città	Aperto > Urbano > Città	Presente	Spazio reale	La città è indicata come ***, ma collocata esplicitamente nella Riviera (ligure).	Deduzione dalla descrizione del luogo, Menzione esplicita	301482	44.4777617,8.7026296	
La nuvola di smog	Torino	città	Aperto > Urbano > Città	Presente	Spazio reale	La grande città industriale del Nord in cui è ambientato il racconto è verosimilmente Torino: oltre alla vista sull’arco alpino, la città ha un fiume, un parco ed è menzionato il sobborgo di "Barca Bertulla" che richiama i due quartieri torinesi di Barca e Bertolla.	Deduzione dalla descrizione del luogo	43992	45.0677551,7.6824892	
Marcovaldo ovvero Le stagioni in città	Torino	città		Presente	Spazio reale	Gli spazi della città – i giardini pubblici, l’ospedali, i tetti, le strade, le piazze – sono l’ambientazione ricorrente, attraverso le stagioni, della lotta per la sopravvivenza della natura nel contesto urbano. Spesso risultano trasformati o straniati dallo sguardo ingenuo e fantasioso di Marcovaldo o dei figli, che tentano instancabilmente di adattare gli spazi loro concessi ai propri desideri e necessità.	Deduzione dalla descrizione del luogo, Deduzione dalla biografia dell’autore	43992	45.0677551,7.6824892	
L'iguana	Isola di Ocaña	mare, isola	Aperto > Naturale > Acquatico > Mare		Spazio fittizio	L'isola è immaginaria, popolata solo 	Menzione esplicita		38.7200, -24.2200	
Cladonia rapida	Torino	città	Aperto > Urbano > Città	Presente	Spazio reale	A Torino è ambientato il caso “clinico-automobilistico” osservato dall’autore del report, di cui sono riportati il luogo e le dinamiche.	Menzione esplicita	43992	45.0677551,7.6824892	
Cladonia rapida	Tangeri	città		Presente	Spazio reale	A Tangeri (solo citata, mai rappresentata) si è svolto il Salone dell’Auto durante il quale sono stati discussi i primi effetti della diffusione mondiale del lichene.	Menzione esplicita	6053068	35.7625681,-5.8295062	
Cladonia rapida	Parigi	città		Presente	Spazio reale	A Parigi (solo citata, mai rappresentata) si sono svolti gli esperimenti i cui risultati sono comunicati nel report.	Menzione esplicita	71525	48.8534951,2.3483915	
Pieno impiego	Torino	campagna	Aperto > Naturale > Rurale > Campagna	Presente	Spazio reale	Gran parte del racconto si svolge nella villa di campagna di Simpson, dove il proprietario mette in mostra le possibilità di collaborazione con varie specie di insetti tra cui libellule, api e formiche.	Deduzione dalla biografia dell’autore	43992	45.0677551,7.6824892	
Protezione	Torino	interno	Chiuso > Edificio	Non specificato	Spazio reale	Il racconto si svolge interamente in casa, durante una cena tra amici.	Menzione esplicita	43992	45.0677551,7.6824892	
Verso occidente	Rio delle Amazzoni	bosco	Aperto > Naturale > Arboreo > Bosco	Presente	Spazio reale	Risalendo il Rio delle Amazzoni, Anna e Walter visitano la tribù degli Arunde per indagare l'alto tasso di suicidi nella loro comunità.	Menzione esplicita	172122662	0.1865944,-50.7348369	
Verso occidente	Europa non specificato	mare, fiume, montagna	Aperto > Naturale > Arboreo > Bosco; Aperto > Naturale > Acquatico > Mare	Presente	Spazio fittizio	Il racconto si svolge in un luogo fittizio non identificabile: paesaggisticamente sono menzionati una valle, una palude e il mare; il “Laboratorio della Guardia Forestale” presso cui lavorano Anna e Walter potrebbe suggerire un’ambientazione italiana, ma i nomi fittizi usati per indicare alcuni elementi (la foce del Mölde, il fiordo di Penndal) evocano piuttosto un’area germanica o scandinava, riconducibile genericamente all’Europa del nord. 	Deduzione dalla descrizione del luogo	25871341	51,10	
Recuenco - La nutrice	Non specificato (forse Sud America?)	montagna	Aperto > Naturale > Rilievo > Montagna						38.7200, -24.2200	
Recuenco - Il rafter	Non specificato (forse Sud America?)	interno	Chiuso > Edificio						38.7200, -24.2200	
Paese d'ombre	Villacidro	campagna, paese, bosco	Aperto > Naturale > Rurale > Campagna; Aperto > Urbano > Paese; Aperto > Naturale > Arboreo > Bosco	Passato	Spazio reale dal nome fittizio	Chiamata nel romanzo con il nome fittizio di Norbio, è il fulcro spaziale del romanzo, i cui personaggi si muovono tra il paese, la campagna circostante e i versanti boscosi del Monte Linas.	Menzione esplicita	39919	39.4569925,8.7367219	
Lo smeraldo	Genova	città		Presente	Spazio reale	Genova si è trasformata in un mostro d’acciaio e cemento, che non lascia spazio alla memoria né alla natura. Rappresenta il volto distopico del progresso, la spersonalizzazione avvenuta sotto il peso della tecnica. 	Menzione esplicita	44875	44.4072600,8.9338624	ok
Lo smeraldo	Roma	città		Presente	Spazio reale	Le rovine di Roma non sono cancellate, sono esibite, e anzi sembrano magnificarsi nel loro crollo. I palazzi medievali, le torri, le architetture antiche, pur ferite, si stagliano nel cielo come resti di una grandezza perduta. 	Menzione esplicita	41485	41.8933203,12.4829321	ok
Lo smeraldo	Napoli	città		Presente	Spazio reale	Napoli è un'apparizione quasi salvifica. La città sembra tornata com’era all’inizio del Novecento: il degrado, il caos, i segni del tempo sembrano scomparsi, sostituiti da una visione armoniosa, piena di bellezza. 	Menzione esplicita	40767	40.8358846,14.2487679	ok
Lo smeraldo	Acquapendente	paese		Presente	Spazio reale	Acquapendente è un borgo emblematico perché qui il protagonista vi distingue tre classi di rovine, che possono essere estese a tutti gli altri luoghi del suo viaggio: le costruzioni moderne, devastanti e impressionanti; le case in mattoni, pittoresche grazie ai colori e all’erba; e le costruzioni in pietra, come vecchie chiese e case rivestite di edera, che suscitano malinconia e fascino.	Menzione esplicita	42144	42.7439961,11.864988	ok
Dissipatio H.G.	Zurigo	città	Aperto > Urbano > Città; Aperto > Naturale > Rilievo > Montagna; Aperto > Urbano > Paese	Presente	Spazio reale dal nome fittizio	Crisopoli è il nome con cui Morselli intende Zurigo, prima luogo di civiltà meccanizzata, industriale e militare (di cui si menzionano l'aeroporto, le banche, la base militare), ora spopolato e deserto	Deduzione dalla biografia dell’autore	1682248	47.3744489,8.5410422	ok
Dissipatio H.G.	Widmad	montagna, paese		Presente	Spazio reale	La cittadina tra le montagne della Svizzera, in cui il protagonista si isola dopo aver lasciato Crisopoli, rappresenta il rifugio del superstite dal mondo civilizzato moderno	Menzione esplicita		38.7200, -24.2200	
Dissipatio H.G.	Lewrosen	paese, montagna		Presente	Spazio reale		Menzione esplicita		38.7200, -24.2200	
Visto da Seveso	Seveso	città	Aperto > Urbano > Città	Presente	Spazio reale	La città di Seveso è un luogo contaminato dalla nube tossica della fabbrica Icmesa, vista attraverso le testimonianze dei cittadini, simbolo della negligenza industriale e politica e della fragilità del controllo umano sull’ambiente, con gravi danni alla terra, agli animali e alle piante.	Menzione esplicita	45608	45.6434655,9.1373787	ok
Una lepre con la faccia di bambina	Seveso	città	Aperto > Urbano > Città	Presente	Spazio reale	Seveso è una città profondamente segnata dal disastro chimico del 1976: la zona più esposta all’inquinamento diventa un luogo di emergenza e paura, dove anche gli animali e le piante sono contaminati. La città è anche teatro di sofferenze personali e familiari, con bambini e adulti colpiti dagli effetti della diossina e dalle difficoltà sociali.	Menzione esplicita	45608	45.6434655,9.1373787	ok
Il re del magazzino	Campagna lombarda intorno al fiume Lambro 	campagna, fiume, interno	Aperto > Naturale > Rurale > Campagna; Aperto > Urbano > Paese; Aperto > Naturale > Irriguo > Pianura; Aperto > Naturale > Acquatico > Fiume	Futuro	Spazio reale	L’ambientazione è situata sulle rive del fiume Lambro, presso la campagna lombarda. Il protagonista si rifugia in un piccolo magazzino sotterraneo, situato in una cascina diroccata, che funge da rifugio e luogo di scrittura in un mondo post-apocalittico.	Menzione esplicita	570545	45.5302185,9.2659323	ok
Il superstite	Maremma toscana	campagna, paese	Aperto > Naturale > Rurale > Campagna; Aperto > Urbano > Paese; Aperto > Naturale > Irriguo > Pianura	Futuro	Spazio reale	La maremma toscana, tra la campagna e il mare, è l'ambientazione del vagabondaggio del cane protagonista; nel romanzo sono nominate diverse città e borghi, ma l'apocalisse sembra aver raggiunto tutta l'Italia.	Menzione esplicita	4279861	42.6303496,11.1095079	ok
Il pianeta irritabile	Luogo non specificato sul Pianeta Terra	città, campagna	Aperto > Urbano > Città; Aperto > Naturale > Rurale > Campagna	Futuro	Spazio reale	La catastrofe si svolge in luoghi imprecisati del pianeta Terra, non vi è nessun riferimento a geografie esplicite	Deduzione dalla descrizione del luogo		38.7200, -24.2200	ok
Il paradiso degli animali	Maremma toscana	pianura	Aperto > Naturale > Irriguo > Pianura	Presente	Spazio reale	La regione della maremma toscana è ambientazione del peregrinare degli animali protagonisti (diversi toponimi sono menzionati).	Menzione esplicita	4279861	42.6303496,11.1095079	
Uomini, boschi e api	Polonia	montagna, bosco	Aperto > Naturale > Rilievo > Montagna; Aperto > Naturale > Irriguo > Pianura; Aperto > Urbano > Paese; Aperto > Naturale > Arboreo > Bosco; Aperto > Naturale > Acquatico > Fiume	Passato	Spazio reale	Nel primo racconto lungo della raccolta raccolta, intitolato I giorni del Nord-Est, Rigoni Stern rievoca i suoi giorni di guerra e prigionia nei Lager nazisti, che vengono esplicitamente menzionati seppur non collocati geograficamente (eccezion fatta per qualche riferimento come "il mausoleo di Hindenburg")	Deduzione dalla descrizione del luogo	105870	46.6239430,14.3075976	ok
Uomini, boschi e api	Altipiano di Asiago	pianura, fiume	Aperto > Naturale > Rilievo > Montagna; Aperto > Naturale > Irriguo > Pianura; Aperto > Urbano > Paese; Aperto > Naturale > Arboreo > Bosco; Aperto > Naturale > Acquatico > Fiume	Presente	Spazio reale	L'altopiano di Asiago, luogo natale e simbolico dell'autore, tra boschi, pascoli, paesi e malghe, è l'ambientazione principale della seconda parte della raccolta, che include la menzione di toponimi locali.	Menzione esplicita	18558498	45.5568695,10.2232761	ok
Ferragosto di morte 	Maremma toscana	paese, campagna	Aperto > Urbano > Città; Aperto > Urbano > Paese; Aperto > Naturale > Rurale > Campagna	Presente	Spazio reale	La maremma toscana, tra la campagna e il mare, è l'ambientazione: nel romanzo sono nominate diverse città e borghi (Firenze, Pisa, Cecina, Volterra...), ma l'apocalisse ha colpito tutta l'Italia.	Menzione esplicita	4279861	42.6303496,11.1095079	ok
Il mondo senza nessuno	Maremma toscana	paese, campagna	Aperto > Urbano > Paese; Aperto > Urbano > Città; Aperto > Naturale > Rurale > Campagna	Presente	Spazio reale	La maremma toscana, tra la campagna e il mare, è l'ambientazione: nel romanzo sono nominate diverse città e borghi (Firenze, Pisa, Cecina, Volterra...), ma l'apocalisse ha colpito tutta l'Italia.	Menzione esplicita	4279861	42.6303496,11.1095079	ok
L'acqua di Malo	Malo 	fiume, paese	Aperto > Urbano > Paese; Aperto > Naturale > Acquatico > Fiume; Aperto > Naturale > Arboreo > Bosco; Aperto > Naturale > Rurale > Campagna	Presente	Spazio reale	Malo, paese natale di Meneghello, è descritta con cura nei dettagli quotidiani, tra luoghi, persone e abitudini, e nei suoi dintorni naturali e urbani, tra fiumi, campi e colline, evidenziando sia la vita di paese e la storia sociale e culturale sia il forte legame tra gli abitanti e il territorio.	Menzione esplicita	45550	45.6602960,11.4074930	ok
Bambini pendolari che si sono perduti	Codogno	pianura, paese, campagna		Presente	Spazio reale	Codogno è rappresentato come luogo della provincia di Milano, che invece viene menzionata solo come luogo di arrivo del pendolarismo dei bambini, come luogo di "non appartenenza"	Menzione esplicita	44327	45.1600664,9.7043700	ok
Tempo che passa	Cicognolo	paese, pianura		Presente	Spazio reale	Cicognolo è uno dei luoghi menzionati e descritti nel ritorno a casa della donna protagonista del racconto.	Menzione esplicita	44331	45.1645730,10.1945750	ok
Tempo che passa	Pieve san Giacomo	paese, pianura		Presente	Spazio reale	Pieve san Giacomo è uno dei luoghi menzionati e descritti nel ritorno a casa della donna protagonista del racconto.	Menzione esplicita	44249	45.1302720,10.1862750	ok
Tempo che passa	San Daniele	paese, pianura		Presente	Spazio reale	San Daniele Po è uno dei luoghi menzionati e descritti nel ritorno a casa della donna protagonista del racconto.	Menzione esplicita	1196924129	45.3404050,11.7595501	ok
Fantasmi a Borgoforte	Borgoforte	paese, pianura		Presente	Spazio reale	Borgoforte è il luogo di ambientazione, descritto minuziosamente al fine di dare l'effetto spettrale funzionale al racconto.	Menzione esplicita	62513594	45.0512750,10.7492890	ok
La ragazza di Sermide	Sermide	paese, campagna, pianura		Presente	Spazio reale	Sermide è il luogo natale della protagonista del racconto	Menzione esplicita	62513692	45.0064835,11.2988715	ok
Storia di un falegname e di un eremita	Ficarolo	fiume, paese, pianura		Presente	Spazio reale	Ficarolo è luogo di origine del falegname e luogo di ambientazione del racconto.	Menzione esplicita	43838	44.9537986,11.4357293	ok
Traversata delle pianure	Ferrara	città, pianura		Passato	Spazio reale	Porta Mare è l'unico luogo menzionato nel racconto, la città descritta non viene mai nominata ma si tratta di Ferrara.	Deduzione dalla descrizione del luogo	43292	44.7667642,11.8279390	ok
Il ritorno del viaggiatore	Polesella	paese, pianura		Presente	Spazio reale	Polesella è il luogo verso cui il protagonista viaggia, alla ricerca del paese natale della madre.	Menzione esplicita	43885	44.9640818,11.7501773	ok
Il ritorno del viaggiatore	Adria	paese, pianura		Presente	Spazio reale	Adria è uno dei luoghi che il protagonista incontra nel suo viaggio di ritorno.	Menzione esplicita	44016	45.0531228,12.0572000	ok
Il ritorno del viaggiatore	Taglio di Po	paese		Presente	Spazio reale	Taglio di Po è uno dei luoghi che il protagonista incontra nel suo viaggio di ritorno.	Menzione esplicita	43878	45.0057769,12.2107983	ok
Come un fotografo è sbarcato nel nuovo mondo	Ca' Vernier	paese, pianura		Presente	Spazio reale	Ca' Vernier è una zona di case sparse lungo il Po di Venezia e luogo di ambientazione del racconto, descritto come pesaggio piatto con qualche piccola isola in mezzo al mare	Menzione esplicita	43668	44.9177128,12.4021857	ok
Giovani umani in fuga	Pianura Padana	pianura		Presente	Spazio reale	Non si fa nessuna menzione esplicita del luogo ma, date le descrizioni e l'inserimento nella raccolta, si deduce che il paesaggio sia quello della Pianura padana.	Deduzione dalla descrizione del luogo	11744240	44.9444239,11.0497382	ok
Verso la foce	Campagna maremmana	campagna, pianura		Presente	Spazio reale	Dalla campagna maremmana parte il viaggio di Celati verso la Foce del Po.	Menzione esplicita	4279861	42.6303496,11.1095079	ok
Verso la foce	Piacenza	città, pianura, fiume		Presente	Spazio reale	Piacenza è uno dei luoghi menzionati nel viaggio verso la foce del Po e in particolare in Paesaggio con centrale nucleare, titolo della prima sezione del racconto di viaggio, in cui Celati attraversa in auto e a piedi la Pianura Padana.	Menzione esplicita	43332	44.8476352,9.6665313	ok
Verso la foce	Caorso	pianura, fiume, paese		Presente	Spazio reale	Caorso, sede della centrale nucleare del titolo, è uno dei luoghi menzionati nel viaggio verso la foce del Po e in particolare in Paesaggio con centrale nucleare, titolo della prima sezione del racconto di viaggio, in cui Celati attraversa in auto e a piedi la Pianura Padana.	Menzione esplicita	44042	45.0495995,9.8743749	ok
Verso la foce	Gadesco	pianura, fiume, paese		Presente	Spazio reale	Gadesco è uno dei luoghi menzionati nel viaggio verso la foce del Po e in particolare in Paesaggio con centrale nucleare, titolo della prima sezione del racconto di viaggio, in cui Celati attraversa in auto e a piedi la Pianura Padana.	Menzione esplicita	816158240	45.1522513,10.1227879	ok
Verso la foce	Cremona	pianura, fiume, città		Presente	Spazio reale	Cremona è uno dei luoghi menzionati nel viaggio verso la foce del Po e in particolare in Paesaggio con centrale nucleare, titolo della prima sezione del racconto di viaggio, in cui Celati attraversa in auto e a piedi la Pianura Padana.	Menzione esplicita	43893	45.2208641,10.0370380	ok
Verso la foce	Pieve san Giacomo	pianura, fiume, paese		Presente	Spazio reale	Pieve san Giacomo è uno dei luoghi menzionati nel viaggio verso la foce del Po e in particolare in Paesaggio con centrale nucleare, titolo della prima sezione del racconto di viaggio, in cui Celati attraversa in auto e a piedi la Pianura Padana.	Menzione esplicita	44249	45.1302720,10.1862750	ok
Verso la foce	Gussola	pianura, fiume, paese		Presente	Spazio reale	Gussola è uno dei luoghi menzionati nel viaggio verso la foce del Po e in particolare in Paesaggio con centrale nucleare, titolo della prima sezione del racconto di viaggio, in cui Celati attraversa in auto e a piedi la Pianura Padana.	Menzione esplicita	43937	45.0099833,10.3508132	ok
Verso la foce	Casalmaggiore	pianura, fiume, paese		Presente	Spazio reale	Casalmaggiore è uno dei luoghi menzionati nel viaggio verso la foce del Po e in particolare in Paesaggio con centrale nucleare, titolo della prima sezione del racconto di viaggio, in cui Celati attraversa in auto e a piedi la Pianura Padana.	Menzione esplicita	43892	44.9863857,10.4153504	ok
Verso la foce	Colorno	pianura, fiume, paese		Presente	Spazio reale	Colorno è uno dei luoghi menzionati nel viaggio verso la foce del Po e in particolare in Paesaggio con centrale nucleare, titolo della prima sezione del racconto di viaggio, in cui Celati attraversa in auto e a piedi la Pianura Padana.	Menzione esplicita	43862	44.9265322,10.3771170	ok
Verso la foce	Brescello 	pianura, fiume, paese		Presente	Spazio reale	Brescello è uno dei luoghi menzionati nel viaggio verso la foce del Po e in particolare in Paesaggio con centrale nucleare, titolo della prima sezione del racconto di viaggio, in cui Celati attraversa in auto e a piedi la Pianura Padana.	Menzione esplicita	43694	44.9012244,10.5157280	ok
Verso la foce	Boretto	pianura, fiume, paese		Presente	Spazio reale	Boretto è uno dei luoghi menzionati nel viaggio verso la foce del Po e in particolare in Paesaggio con centrale nucleare, titolo della prima sezione del racconto di viaggio, in cui Celati attraversa in auto e a piedi la Pianura Padana.	Menzione esplicita	43760	44.9018700,10.5542870	ok
Verso la foce	Guastalla	pianura, fiume, paese		Presente	Spazio reale	Guastalla è uno dei luoghi menzionati nel viaggio verso la foce del Po e in particolare in Paesaggio con centrale nucleare, titolo della prima sezione del racconto di viaggio, in cui Celati attraversa in auto e a piedi la Pianura Padana.	Menzione esplicita	43743	44.9211516,10.6539985	ok
Verso la foce	Suzzara	paese, pianura, fiume		Presente	Spazio reale	Suzzara è uno dei luoghi menzionati nel viaggio verso la foce del Po e in particolare in Esplorazioni sugli argini, titolo della seconda sezione del racconto di viaggio, in cui Celati attraversa in auto e a piedi la Pianura Padana.	Menzione esplicita	43929	44.9918730,10.7430900	ok
Verso la foce	San Benedetto Po	paese, pianura, fiume		Presente	Spazio reale	San Benedetto Po è uno dei luoghi menzionati nel viaggio verso la foce del Po e in particolare in Esplorazioni sugli argini, titolo della seconda sezione del racconto di viaggio, in cui Celati attraversa in auto e a piedi la Pianura Padana.	Menzione esplicita	43954	45.0419243,10.9282948	ok
Verso la foce	Mirasole	paese, pianura, fiume		Presente	Spazio reale	Mirasole è uno dei luoghi menzionati nel viaggio verso la foce del Po e in particolare in Esplorazioni sugli argini, titolo della seconda sezione del racconto di viaggio, in cui Celati attraversa in auto e a piedi la Pianura Padana.	Menzione esplicita	11290710373	45.3874236,9.2019618	ok
Verso la foce	Pieve di Coriano	pianura, paese		Presente	Spazio reale	Pieve di Coriano è uno dei luoghi menzionati nel viaggio verso la foce del Po e in particolare in Esplorazioni sugli argini, titolo della seconda sezione del racconto di viaggio, in cui Celati attraversa in auto e a piedi la Pianura Padana.	Menzione esplicita	62512713	45.0337994,11.1082525	ok
Verso la foce	Castelmassa	campagna, pianura, fiume		Presente	Spazio reale	Castelmassa è uno dei luoghi menzionati nel viaggio verso la foce del Po e in particolare in Esplorazioni sugli argini, titolo della seconda sezione del racconto di viaggio, in cui Celati attraversa in auto e a piedi la Pianura Padana.	Menzione esplicita	44000	45.0168524,11.3104980	ok
Verso la foce	Occhiobello	paese, pianura, fiume		Presente	Spazio reale	Occhiobello è uno dei luoghi menzionati nel viaggio verso la foce del Po e in particolare in Esplorazioni sugli argini, titolo della seconda sezione del racconto di viaggio, in cui Celati attraversa in auto e a piedi la Pianura Padana.	Menzione esplicita	43827	44.9212498,11.5813996	ok
Verso la foce	Ferrara	città, pianura		Presente	Spazio reale	Ferrara è uno dei luoghi menzionati nel viaggio verso la foce del Po e in particolare in Esplorazione sugli argini, titolo della seconda sezione del racconto di viaggio, in cui Celati attraversa in auto e a piedi la Pianura Padana.	Menzione esplicita	43292	44.7667642,11.8279390	ok
Verso la foce	Pontelgascuro	paese, pianura, fiume		Presente	Spazio reale	Pontelagoscuro è uno dei luoghi menzionati nel viaggio verso la foce del Po e in particolare in Esplorazioni sugli argini, titolo della seconda sezione del racconto di viaggio, in cui Celati attraversa in auto e a piedi la Pianura Padana.	Menzione esplicita	959369109	44.8783159,11.609121	ok
Verso la foce	Finale di Rero	paese, pianura, fiume		Presente	Spazio reale	Finale di Rero è uno dei luoghi menzionati nel viaggio verso la foce del Po e in particolare di Tre giorni nella zona della grande bonifica, titolo della terza sezione del racconto di viaggio, in cui Celati attraversa in auto e a piedi la Pianura Padana.	Menzione esplicita	234332999	44.8207779,11.8701113	ok
Verso la foce	Tresigallo	paese, pianura, fiume		Presente	Spazio reale	Tresigallo è uno dei luoghi menzionati nel viaggio verso la foce del Po e in particolare in Tre giorni nella zona della grande bonifica, titolo della terza sezione del racconto di viaggio, in cui Celati attraversa in auto e a piedi la Pianura Padana.	Menzione esplicita	1104734097	44.8159790,11.8947190	ok
Verso la foce	Jolanda di Savoia	paese, pianura, fiume		Presente	Spazio reale	Jolanda di Savoia è uno dei luoghi menzionati nel viaggio verso la foce del Po e in particolare in Tre giorni nella zona della grande bonifica, titolo della terza sezione del racconto di viaggio, in cui Celati attraversa in auto e a piedi la Pianura Padana.	Menzione esplicita	43697	44.8824077,11.9793488	ok
Verso la foce	Codigoro	paese, pianura, fiume		Presente	Spazio reale	Codigoro è uno dei luoghi menzionati nel viaggio verso la foce del Po e in particolare in Tre giorni nella zona della grande bonifica, titolo della terza sezione del racconto di viaggio, in cui Celati attraversa in auto e a piedi la Pianura Padana.	Menzione esplicita	43655	44.8315810,12.1095240	ok
Verso la foce	Po di Volano	fiume		Presente	Spazio reale	Po di Volano è un ex-ramo del fiume e uno dei luoghi menzionati nel viaggio verso la foce del Po e in particolare in Tre giorni nella zona della grande bonifica, titolo della terza sezione del racconto di viaggio, in cui Celati attraversa in auto e a piedi la Pianura Padana.	Menzione esplicita	75260343	44.7866418,12.1203300	ok
Verso la foce	Massa Fiscaglia	paese, pianura, fiume		Presente	Spazio reale	Massa Fiscaglia è uno dei luoghi menzionati nel viaggio verso la foce del Po e in particolare in Tre giorni nella zona della grande bonifica, titolo della terza sezione del racconto di viaggio, in cui Celati attraversa in auto e a piedi la Pianura Padana.	Menzione esplicita	69300327	44.8087596,12.0106057	ok
Verso la foce	Molinella	paese, pianura, fiume		Presente	Spazio reale	Molinella è uno dei luoghi menzionati nel viaggio verso la foce del Po e in particolare in Tre giorni nella zona della grande bonifica, titolo della terza sezione del racconto di viaggio, in cui Celati attraversa in auto e a piedi la Pianura Padana.	Menzione esplicita	43345	44.6208530,11.6702371	ok
Verso la foce	Ostellato	paese, pianura, fiume		Presente	Spazio reale	Ostellato è uno dei luoghi menzionati nel viaggio verso la foce del Po e in particolare in Verso la foce, titolo della quarta sezione del racconto di viaggio, in cui Celati attraversa in auto e a piedi la Pianura Padana.	Menzione esplicita	43573	44.7456780,11.9435210	ok
Verso la foce	Valli di Comacchio	città, pianura, fiume		Presente	Spazio reale	Le valli di Comacchio sono genericamente luoghi menzionati nel viaggio verso la foce del Po e in particolare in Verso la foce, titolo della quarta sezione del racconto di viaggio, in cui Celati attraversa in auto e a piedi la Pianura Padana.	Menzione esplicita	17233240	44.6190016,12.1682822	ok
Verso la foce	Chioggia	città, pianura, fiume		Presente	Spazio reale	Chioggia è uno dei luoghi menzionati nel viaggio verso la foce del Po e in particolare in Verso la foce, titolo della quarta sezione del racconto di viaggio, in cui Celati attraversa in auto e a piedi la Pianura Padana.	Menzione esplicita	44236	45.2188940,12.2785805	ok
Verso la foce	Oglio	fiume		Presente	Spazio reale	L'Oglio è un fiume menzionato nel viaggio verso la foce del Po e in particolare in Esplorazioni sugli argini, titolo della seconda sezione del racconto di viaggio, in cui Celati attraversa in auto e a piedi la Pianura Padana.	Menzione esplicita	1050434	45.6861566,10.0590332	ok
Il libro degli animali	Altipiano di Asiago	montagna, bosco, fiume	Aperto > Naturale > Rilievo > Montagna; Aperto > Naturale > Arboreo > Bosco; Aperto > Naturale > Acquatico > Fiume	Presente	Spazio reale	L'altopiano di Asiago, tra boschi, pascoli, paesi e malghe, è il luogo di ambientazioni  dove si intrecciano le storie degli uomini, degli animali e della guerra. Numerosi toponimi locali sono menzionati, rendendo l’ambiente reale e simbolico del legame profondo tra l’uomo e la natura.	Menzione esplicita	18558498	45.5568695,10.2232761	ok
Arboreto salvatico	Altipiano di Asiago	paese, montagna, pianura, bosco	Aperto > Urbano > Paese; Aperto > Naturale > Rilievo > Montagna; Aperto > Naturale > Irriguo > Pianura; Aperto > Naturale > Arboreo > Bosco	Presente	Spazio reale	L'altopiano di Asiago, tra boschi, pascoli, paesi e malghe, è il luogo di ambientazioni  dove si intrecciano le storie degli uomini, degli animali e della guerra. Numerosi toponimi locali sono menzionati, rendendo l’ambiente reale e simbolico del legame profondo tra l’uomo e la natura.	Menzione esplicita	18558498	45.5568695,10.2232761	ok
Sentieri sotto la neve	Altipiano di Asiago	montagna, paese, bosco, pianura	Aperto > Naturale > Rilievo > Montagna; Aperto > Urbano > Paese; Aperto > Naturale > Arboreo > Bosco; Aperto > Naturale > Irriguo > Pianura	Presente	Spazio reale	L'altopiano di Asiago, tra boschi, pascoli, paesi e malghe, è il luogo di ambientazioni  dove si intrecciano le storie degli uomini, degli animali e della guerra. Numerosi toponimi locali sono menzionati, rendendo l’ambiente reale e simbolico del legame profondo tra l’uomo e la natura.	Menzione esplicita	18558498	45.5568695,10.2232761	ok
I quindicimila passi	Vicenza	città	Aperto > Urbano > Città; Aperto > Naturale > Arboreo > Bosco	Presente	Spazio reale	Vicenza e la provincia veneta sono raccontate e descritte per mezzo di un tragitto a piedi dalla casa del protagonista allo studio notarile di un avvocato	Menzione esplicita	44580	45.6348591,11.4063543	ok
Gomorra	Napoli	città		Presente	Spazio reale	Il porto e il mare di Napoli sono descritti in quanto nodi chiave del traffico di merci e droga.	Menzione esplicita	40767	40.8358846,14.2487679	
Gomorra	Aberdeen	città		Presente	Spazio reale	La città scozzese viene menzionata nel capitolo dal titolo significativo Aberdeen, Mondragone per mostrare la rete internazionale della criminalità organizzata campana.	Menzione esplicita	1900654	57.1482429,-2.0928095	
Gomorra	Caserta	città		Presente	Spazio reale	Caserta e il casertano sono luoghi di ambientazione della narrazione di Saviano, descritti come il principale territorio di azione della criminalità organizzata. 	Menzione esplicita	40940	41.2035192,14.1168624	
Gomorra	Casal di Principe	città		Presente	Spazio reale	Il comune è raccontato da Saviano in quanto centro nevralgico della camorra casertana.	Menzione esplicita	41007	41.0114120,14.1248250	
Gomorra	San Cipriano d'Aversa	città		Presente	Spazio reale	Insieme a Casal di Principe, il comune di San Cipriano d'Aversa è uno dei luoghi dominati dalla camorra.	Menzione esplicita	40978	40.9988120,14.1317260	
Gomorra	Casapesenna	paese, città	Aperto > Urbano > Paese; Aperto > Urbano > Città	Presente	Spazio reale	Insieme a Casal di Principe e San Cipriano d'Aversa, Casapesenna è uno dei luoghi casertani dominati dalla camorra, tra quelli menzionati da Saviano.	Menzione esplicita	40979	40.9915120,14.1361260	
Sirene	Nuova baja california	mare, interno	Aperto > Urbano > Città; Aperto > Naturale > Acquatico > Mare	Futuro	Spazio fittizio	Nuova Baja California è il luogo in cui è ambientato il romanzo, ma è solo nominato e non ha alcun ruolo per la narrazione: essa, che si svolge in luoghi sotterranei, potrebbe avvenire ovunque.	Menzione esplicita		38.7200, -24.2200	ok
L'ubicazione del bene	Milano	città	Aperto > Urbano > Città	Presente	Spazio reale dal nome fittizio	Cortesforza è un luogo (o un non-luogo) inventato dall'autore che però si trova nell'hinterland milanese, come esplicitato nello stesso romanzo.	Menzione esplicita	44915	45.4641943,9.1896346	ok
Bambini bonsai	Genova	città, interno	Aperto > Urbano > Città	Futuro	Spazio reale	Resa irriconoscibile dalla catastrofe ecologica e sociale, Genova è cresciuta a dismisura e senza controllo, inglobando e ricostruendosi sui propri resti, schiacciata tra le montagne desertiche e il mare deprivato di ogni risorsa vitale. Ma allo stesso tempo, trasfigurata dalla fantasia immaginifica e dalla prospettiva infantile di Pepe, la città è anche un luogo meraviglioso e ricco di possibilità.	Menzione esplicita	44875	44.4072600,8.9338624	
Cinacittà	Roma	città	Aperto > Urbano > Città	Futuro	Spazio reale	Viene rappresentata una Roma apocalittica, popolata solo di cittadini cinesi, mentre i romani hanno dovuto migrare verso Nord a causa delle alte temperature.		41485	41.8933203,12.4829321	ok
Il viaggio dell'orsa										
Violazione	Bologna	città, campagna	Aperto > Urbano > Città; Aperto > Naturale > Rurale > Campagna					43172	44.4938203,11.3426327	
Isolatria	Arcipelago de La Maddalena	mare, isola	Aperto > Naturale > Acquatico > Mare	Presente	Spazio reale	La Maddalena e la Sardegna sono al centro della narrazione in quanto isole in mezzo al mare e dunque in una posizione ontologicamente resistente rispetto alle narrazioni e alla cultura dominanti.	Menzione esplicita	7454306	41.2127826,9.4066598	ok
La vita in tempo di pace	Sharm El Sheikh	interno, mare	Aperto > Naturale > Acquatico > Mare	Presente	Spazio reale	L'aeroporto di Sharm el Sheik è il non-luogo da cui parte la narrazione: il protagonista prenderà lì un aereo per tornare in Italia.	Menzione esplicita	872858698	25.4688226,56.3433687	ok
La vita in tempo di pace	Milano	città	Aperto > Urbano > Città	Presente	Spazio reale dal nome fittizio	La Città del Nord è inconfondibilmente Milano, sede della multinazionale per cui lavora il protagonista.	Deduzione dalla descrizione del luogo	44915	45.4641943,9.1896346	ok
La vita in tempo di pace	Mar Egeo	mare	Aperto > Naturale > Acquatico > Mare	Presente	Spazio reale dal nome fittizio	Capo Atreide, Lago di Kalamia e altri toponimi sono inventati ma facilmente riconducibili a luoghi che costeggiano il Mar Egeo, che invece è menzionato esplicitamente, o si trovano a ridosso della costa.	Deduzione dalla descrizione del luogo	4594226	38.0622276,25.7205887	ok
La vita in tempo di pace	Atene	città	Aperto > Urbano > Città	Presente	Spazio reale	Atene è un luogo in cui il protagonista si trova per poco tempo, che non viene grandemente descritto se non per permettere al protagonista di rievocare un viaggio passato.		441183	37.9755648,23.7348324	
La vita in tempo di pace	Roma	città	Aperto > Urbano > Città	Presente	Spazio reale dal nome fittizio	La città di Dio è il nome che l'autore dà a Roma, facilmente riconoscibile grazie a indicatori urbanistico-architettonici e sociali.	Deduzione dalla descrizione del luogo	41485	41.8933203,12.4829321	ok
La vita in tempo di pace	Latina? Formia?	città		Presente	Spazio reale dal nome fittizio	La città di Mare è probabilmente Napoli anche se, rispetto alle Città del Nord e di Dio, è meno evidente, ma l'identificazione è possibile tramite il riferimento ad altri luoghi (come Palmarola e Ponza)	Deduzione dalla descrizione del luogo			
La lucina	Nessuna geografia esplicita	montagna	Aperto > Naturale > Rilievo > Montagna	Presente	Spazio fittizio	Non vi è nessuna geografia esplicita, solo un borgo in montagna non meglio identificato, in cui il protagonista, anch'egli senza nome, si rifugia per sparire.	Deduzione dalla descrizione del luogo		38.7200, -24.2200	
Condominio oltremare	Lidi Ferraresi	mare, città	Aperto > Naturale > Acquatico > Mare; Aperto > Urbano > Città	Presente	Spazio reale	I sette Lidi Ferraresi (o Lidi di Comacchio) di cui fa parte il Lido delle Nazioni sono spesso menzionati, o con il loro nome collettivo o presi singolarmente, a paragone con il Lido delle Nazioni, centro della narrazione.	Menzione esplicita	0	44.699473524843,12.232820983218597	ok
Condominio oltremare	Lido delle Nazioni a Comacchio	mare, città	Aperto > Naturale > Acquatico > Mare; Aperto > Urbano > Città	Presente	Spazio reale	Il Lido delle Nazioni a Comacchio e il lago artificiale omonimo sono luoghi di villeggiatura, al centro della narrazione e emblemi dell'alterazione dell'ambiente causato dall'edilizia massiccia.	Menzione esplicita	23012260	44.7419903,12.2444735	ok
Anna	Trapani	campagna		Presente	Spazio reale			39404	38.0173961,12.5160225	
Anna	Palermo	campagna, città, mare	Aperto > Naturale > Rurale > Campagna; Aperto > Urbano > Città; Aperto > Naturale > Acquatico > Mare	Futuro Prossimo	Spazio reale			39513	38.1112268,13.3524434	
Anna	Torre Normanna	campagna, città, mare	Aperto > Naturale > Rurale > Campagna; Aperto > Urbano > Città; Aperto > Naturale > Acquatico > Mare					443171345	40.6204066,16.1472078	
Anna	Cefalù	campagna, città, mare	Aperto > Naturale > Rurale > Campagna; Aperto > Urbano > Città; Aperto > Naturale > Acquatico > Mare					39444	38.0349570,14.0244562	
Anna	Messina	campagna, città, mare	Aperto > Naturale > Rurale > Campagna; Aperto > Urbano > Città; Aperto > Naturale > Acquatico > Mare					39514	38.1937571,15.5542082	
Cade la terra	Italia meridionale	paese	Aperto > Urbano > Paese			Alento (inventato)		17514288	40.4053173,15.9328381	
Le cose semplici	Parigi	città	Aperto > Urbano > Città					71525	48.8534951,2.3483915	
Le cose semplici	New York	città	Aperto > Urbano > Città					175905	40.7127281,-74.0060152	
Le cose semplici	Long Island	città	Aperto > Urbano > Città					3955977	40.8514970,-73.0994297	
Le cose semplici	Milano	città	Aperto > Urbano > Città					44915	45.4641943,9.1896346	
Qualcosa, là fuori	Napoli	città		Futuro Prossimo	Spazio reale	Città natale di Livio, in cui torna nel 2056 con la compagna Leila e il figlio Matías dopo un lungo periodo di vita in America. Da Napoli, sedici anni dopo la morte di Leila e Matías, Livio parte nel suo viaggio per il nord Europa. Il tracollo climatico e sociale italiano è raccontato dunque attraverso la specola della città partenopea, di cui viene descritta la tropicalizzazione, il progressivo cambiamento demografico a maggioranza araba e la radicalizzazione religiosa, il disgregarsi di ogni struttura sociale, sanitaria e statale fino alla completa presa di controllo da parte della criminalità.	Menzione esplicita	40767	40.8358846,14.2487679	
Qualcosa, là fuori	San Francisco	città		Futuro Prossimo	Spazio reale	Città dove si trasferiscono Livio e la compagna Leila nel 2068, per lavorare all’Università di Stanford. Sebbene non sia esente da tensioni sociali dovute alla presenza maggioritaria della popolazione ispanica (a sud, nel frattempo, la Grande Barriera blocca completamente i collegamenti con il Messico e il centro America) e a problemi derivanti da severe restrizioni idriche e dall’innalzamento del livello del mare, San Francisco rappresenta negli anni successivi un’oasi di relativa stabilità e sicurezza, dove la coppia e i loro amici riescono a mantenere un buono stile di vita simile a quello occidentale attuale e da cui assistono però al progressivo deterioramento – climatico e sociale – del resto del mondo.	Menzione esplicita	111968	37.7792588,-122.4193286	
Qualcosa, là fuori	Chignolo	paese		Futuro Prossimo	Spazio reale	Primo riferimento geografico del romanzo, da cui il lettore comincia a seguire il viaggio di Livio e del gruppo di migranti con cui cerca di raggiungere la Scandinavia, guidati dalle guide della Transhope. La pianura è arida, grigia e polverosa, e reca solo segni di violenza e abbandono.	Menzione esplicita	845681277	45.8492096,9.5099311	
Qualcosa, là fuori	Lodi	campagna		Futuro Prossimo	Spazio reale	Prima tappa rappresentata del viaggio della colonna di migranti, in prossimità della città abbandonata di cui si intravede solo il profilo fumante, circondato da capannoni e cascine disfatti.	Menzione esplicita	44181	45.2613104,9.4916781	
Qualcosa, là fuori	Milano	città		Futuro Prossimo	Spazio reale	Attraversando Milano, il gruppo incontra i primi segni evidenti di violenza sociale, con raffiche di mitra e cadaveri esposti in viale Argonne e piazzale Susa, a est della città. Dopo il capoluogo lombardo, altre cittadine si susseguono nello spostamento attraverso la Brianza e verso il lago di Como.	Menzione esplicita	44915	45.4641943,9.1896346	
Qualcosa, là fuori	San Giorgio	campagna		Futuro Prossimo	Spazio reale	Ulteriore tappa del gruppo sulle sponde del lago di Como, da cui le macchine idrovore della Transhope attingono le ultime, scarse riserve d’acqua per dissetare i migranti. Da qui, una piccola delegazione, tra cui Livio, parte per negoziare con gli svizzeri il passaggio della colonna. Grazie ad una ferrea e spietata organizzazione delle risorse, la Svizzera mantiene ancora un certo ordine sociale che include la presenza di un sorvegliatissimo corridoio umanitario fino alla Germania.	Menzione esplicita, Deduzione dalla descrizione del luogo	432466508	46.0567789,8.9416915	
Qualcosa, là fuori	Sufnersee	montagna, lago		Futuro Prossimo	Spazio reale	Durante la traversata della Svizzera, il gruppo si trova a contemplare il bacino profondo e vuoto del lago, dove avevano sperato di rimpinguare le scorte idriche.	Menzione esplicita	6004624	46.5671131,9.3712286	
Qualcosa, là fuori	Kriessern	montagna		Futuro Prossimo	Spazio reale	Tappa finale della traversata svizzera, ultima tratta relativamente sicura del viaggio: dopo di essa, si aprono le distese, ora paludose ora riarse, dell’Austria e della Germania.	Menzione esplicita	1884082999	47.3653317,9.6071943	
Qualcosa, là fuori	Bregenz	montagna, lago		Futuro Prossimo	Spazio reale	Nelle vicinanze del lago di Costanza, pressoché prosciugato, per la prima volta il gruppo viene coinvolto in un violento scontro a fuoco per arrivare all’acqua.	Menzione esplicita	75073	47.5025779,9.7472924	
Qualcosa, là fuori	Stockenweiler Weiher	lago, campagna, pianura		Futuro Prossimo	Spazio reale	Tappa successiva allo scontro: sulle rive di quella che un tempo era un’area ricca d’acqua ed è ridotta ora ad una distesa di sabbia, argilla e scheletri animali, le macchine idrovore trovano inaspettatamente una falda acquifera, concedendo un momentaneo respiro al gruppo stremato.	Menzione esplicita	1111613982	47.6252173,9.7883046	
Qualcosa, là fuori	Ulm	pianura		Futuro Prossimo	Spazio reale	Prosegue il viaggio della colonna nel clima torrido, attraverso un vasto territorio costellato di macerie industriali e segnali ammonitori da parte di comunità asserragliate nei dintorni, con cui il gruppo non ha contatti.	Menzione esplicita	62495	48.3984968,9.9912458	
Qualcosa, là fuori	Elchingen	pianura, fiume		Futuro Prossimo	Spazio reale	Superato il greto prosciugato del Danubio, la colonna dei migranti si ferma in un complesso industriale in rovina, dove viene coinvolta da un violento scontro a fuoco orchestrato da un gruppo di predoni. Riescono a prevalere, ma centinaia di feriti vengono uccisi prima di ripartire. Nei giorni successivi, dozzine di migranti cedono al caldo intollerabile, di cui vengono descritti gli effetti sul corpo umano.	Menzione esplicita	941078	48.4525086,10.0842004	
Qualcosa, là fuori	Würzburg	pianura, città, fiume		Futuro Prossimo	Spazio reale	Descrizione di uno dei pochi centri urbani attraversati dal gruppo: sulle rive asciutte del Meno, la città è spettrale, disseminata di cadaveri, rifiuti e macerie di edifici abbandonati. I giorni seguenti, i migranti proseguono verso nord, toccando diverse città che vengono solo nominate: Werneck, Schweinfurt, Münnerstadt, Sondheim, Erbenhausen, Walldorf, Immelborn, Hildesheim.	Menzione esplicita	62464	49.7780356,9.9434769	
Qualcosa, là fuori	Hannover	pianura		Futuro Prossimo	Spazio reale	Arrivati in prossimità della pianura costiera, il caldo torrido viene spezzato saltuariamente da violente piogge, che evaporano nell’aria prima ancora di toccare terra. Ritrovano i primi sparuti alberi (palme) e poverissime baraccopoli alle porte della città.	Menzione esplicita	59418	52.3744779,9.7385532	
Qualcosa, là fuori	Celle	pianura, fiume		Futuro Prossimo	Spazio reale	La temperatura si fa più sostenibile, arrivando in zone asciutte mentre transita il gruppo, ma in cui ci sono segni di piene fluviali stagionali. Incontrano segni di attività agricola e saltuarie, brevi piogge.	Menzione esplicita	1797918	52.6240560,10.0810520	
Qualcosa, là fuori	Bergen-Belsen	pianura		Futuro Prossimo	Spazio reale	Passando accanto alle indicazioni per il memoriale del campo di concentramento, Livio sceglie di non rivelare la natura di quel luogo al ragazzino Miguel, ritenendo che abbia fin troppa familiarità con l’orrore. Nella successiva tappa nei pressi di Münster, solo nominata, Livio rivela a Marta la storia della propria famiglia deceduta.	Menzione esplicita	2707989157	48.8601371,2.4001275	
Qualcosa, là fuori	Wilseder Berg	collina		Futuro Prossimo	Spazio reale	In corrispondenza della collina, il gruppo si rende conto che il livello del mare si è alzato e che l’acqua salata ha risalito l’Elba sommergendo Amburgo, di cui rimangono solo le guglie all’orizzonte.	Menzione esplicita	742231390	53.1678028,9.9390268	
Qualcosa, là fuori	Radbruch	fiume, pianura		Futuro Prossimo	Spazio reale	Nel tentativo di superare l’Elba, arrivano ai resti della cittadina tedesca, ora sommersa e invasa dalle mangrovie.	Menzione esplicita	1392132	53.3115360,10.2844007	
Qualcosa, là fuori	Bleckede	pianura, fiume		Futuro Prossimo	Spazio reale	Le guide si impossessano con la violenza del traghetto sul fiume per far passare quel che resta del gruppo; il clima è ora tropicale e paludoso, l’aria è pesante e infestata dagli insetti. Viene annunciato che d’ora in poi si entra effettivamente in clandestinità poiché stanno per passare il confine del protettorato di Scandinavia, il cui accesso è proibito ai profughi.	Menzione esplicita	1837837	53.2933058,10.7299955	
Qualcosa, là fuori	Ratzeburger See	pianura, costa, lago		Futuro Prossimo	Spazio reale	Il gruppo raggiunge il limitare del mare, risalito nell’entroterra per chilometri; viaggiano di nascosto, di notte, ma si vedono segni di piccole comunità che sembrano riuscire a sopravvivere, adattando attività agricole al territorio caldo e acquitrinoso, infestato dalle mangrovie.	Menzione esplicita	1430457446	53.7809661,10.7657969	
Qualcosa, là fuori	Teschow	costa, mare, interno		Futuro Prossimo	Spazio reale	I migranti si trovano alla periferia di un attacco della polizia di frontiera, dopo il quale due donne si uniscono al gruppetto di Livio. Il gruppo raggiunge la sede nordica della Transhope da cui dovrebbero tentare l’attraversamento del Baltico fino alla Scandinavia; le guide impongono però un’ulteriore quota che deve pagare i migranti o qualcuno per loro in Scandinavia: chi non può permetterlo viene rinchiuso in cella, e tra questi ci sono Livio, Marta, Sara e Miguel.	Menzione esplicita	260059096	53.7874656,12.6297233	
Qualcosa, là fuori	Kåseberga	pianura, mare, costa, interno	Aperto > Naturale > Irriguo > Pianura; Aperto > Naturale > Rilievo > Montagna; Aperto > Naturale > Acquatico > Mare	Futuro Prossimo	Spazio reale	Luogo della costa svedese dove approda fortunosamente il gommone di Livio, Marta, Sara, Miguel e le altre poche donne del gruppo, dopo la fuga dalla prigione della Transhope. Qui il gruppo viene preso in custodia dalla polizia svedese, in attesa di verificarne il legittimo status di rifugiati.	Menzione esplicita	27805208	55.3870958,14.0656814	
Le otto montagne	Milano	montagna	Aperto > Naturale > Rilievo > Montagna					44915	45.4641943,9.1896346	
Le otto montagne	Grana (BG)	montagna	Aperto > Naturale > Rilievo > Montagna					10207399661	45.9682534,10.1035775	
Le otto montagne	Katmandu	montagna	Aperto > Naturale > Rilievo > Montagna					12394677	27.7083170,85.3205817	
Le otto montagne	Himalaya	montagna	Aperto > Naturale > Rilievo > Montagna					3791305957	27.9856880,86.9163367	
Artico nero. La lunga notte dei popoli dei ghiacci	Čukotka	mare	Aperto > Naturale > Acquatico > Mare					11256819599	50.5498349,16.2309744	
Artico nero. La lunga notte dei popoli dei ghiacci	Alaska	mare	Aperto > Naturale > Acquatico > Mare					1116270	64.4459613,-149.6809090	
Artico nero. La lunga notte dei popoli dei ghiacci	Canada	mare	Aperto > Naturale > Acquatico > Mare					1428125	61.0666922,-107.9917070	
Artico nero. La lunga notte dei popoli dei ghiacci	Norvegia	mare	Aperto > Naturale > Acquatico > Mare					1059668	64.5731537,11.5280364	
Artico nero. La lunga notte dei popoli dei ghiacci	Siberia	mare	Aperto > Naturale > Acquatico > Mare					1221148	65.2729258,95.4899032	
Artico nero. La lunga notte dei popoli dei ghiacci	Groenlandia	mare	Aperto > Naturale > Acquatico > Mare					7662545	71.8171799,-40.4263179	
La festa nera										
Divorare il cielo	Speziale	campagna	Aperto > Naturale > Rurale > Campagna					4452527394	40.7913913,17.4598637	
La casa mangia le parole	Roma	città	Aperto > Urbano > Città					41485	41.8933203,12.4829321	
L'olmo grande	Friuli Venezia Giulia	campagna	Aperto > Naturale > Rurale > Campagna					179296	46.1510420,13.0559040	
Una notte sull'alpe della luna	Appennino	montagna	Aperto > Naturale > Rilievo > Montagna	Presente	Spazio reale			823645399	42.9778013,13.0796986	
L'albero della fortuna	Calabria	paese	Aperto > Urbano > Paese					1783980	39.0565974,16.5249864	
Il fico di Betania	Palestina	città	Aperto > Urbano > Città			Territori Palestinesi!		1703814	31.4624210,34.2627215	
La colomba sul pino e la vecchia sotto il fico	Liguria	città, bosco	Aperto > Urbano > Città; Aperto > Naturale > Arboreo > Bosco					301482	44.4777617,8.7026296	
La colomba sul pino e la vecchia sotto il fico	Lambrate	città, bosco	Aperto > Urbano > Città; Aperto > Naturale > Arboreo > Bosco					3356418408	45.4824346,9.2410536	
Canto degli alberi	Mantova	città	Aperto > Urbano > Città					43798	45.1692628,10.6708365	
L'assemblea degli animali		bosco	Aperto > Naturale > Arboreo > Bosco							
Il bosco del confine	Carso	bosco	Aperto > Naturale > Arboreo > Bosco					11801461	45.7550942,13.7932829	
Il bosco del confine	Balcani	bosco	Aperto > Naturale > Arboreo > Bosco					4016746	41.7785016,23.8146770	
L'imitazione di una foglia che cade										
Noi	Nessuna geografia esplicita	bosco		Presente	Spazio fittizio	Non vi è nessuna geografia esplicita, solo "il paesaggio", come dichiarato dal narratore: "Non ci interessano i dettagli geografici né qualsiasi specifica localizzazione".	Deduzione dalla descrizione del luogo, Menzione esplicita		38.7200, -24.2200	
Dopo la pioggia	Roma	città	Aperto > Urbano > Città					41485	41.8933203,12.4829321	
Bjula della betulle										
Il bosco di là	Italia settentrionale	bosco	Aperto > Naturale > Arboreo > Bosco					0	45.378365551727605,10.217267368233305	
Erba matta		città	Aperto > Urbano > Città							
La quercia di Bruegel										
Il pioppo del Sempione										
Tasmania										
Solo di uomini il bosco può morire	Foresta di Cuma	bosco	Aperto > Naturale > Arboreo > Bosco					10207399661	40.84922,14.04896	
Il concerto del viale dei lecci	Forlì	città	Aperto > Urbano > Città					42907	44.2227278,12.0412730	
Romanzo senza umani										
Il cedro del Libano										
Tundra e Peive		città	Aperto > Urbano > Città							
Prima della rivolta	Milano	città	Aperto > Urbano > Città					44915	45.4641943,9.1896346	
Una voce dal profondo	Italia							365331	42.6384261,12.6742970	
L'impronta		bosco	Aperto > Naturale > Arboreo > Bosco							
Il fuoco invisibile. Storia umana di un disastro naturale										
La compagnia del gelso										
All'ombra del ricino										
Vita immaginaria di un alloro										
L'ultima foresta	Foresta di Białowieża	bosco, campagna	Aperto > Naturale > Arboreo > Bosco; Aperto > Naturale > Rurale > Campagna					14705359	52.8649192,23.8810102	
Scintilla		bosco	Aperto > Naturale > Arboreo > Bosco							
Atlante Appennino. Un'ecobiografia	Appennino settentrionale	montagna	Aperto > Naturale > Rilievo > Montagna					276532495	44.3378141,11.2027931	
Il ritorno è lontano										
Il ritorno è lontano	Alpi	montagna, paese	Aperto > Naturale > Rilievo > Montagna; Aperto > Urbano > Paese					2698607	45.9083263,9.1420628	
Il predatore	Cimalta (inventato)	montagna, paese	Aperto > Naturale > Rilievo > Montagna; Aperto > Urbano > Paese						38.7200, -24.2200	
Il carrubo e l'unità di misura del diamante	Sicilia	campagna	Aperto > Naturale > Rurale > Campagna					39152	37.5877940,14.1550480	
L'agave della Regina Vittoria	Italia settentrionale	città, paese	Aperto > Urbano > Città; Aperto > Urbano > Paese					33890846	41.8996571,12.3826951	
L'agave della Regina Vittoria	Inghilterra	città, paese	Aperto > Urbano > Città; Aperto > Urbano > Paese					58447	52.5310214,-1.2649062	
L'agave della Regina Vittoria	Mentone	città, paese	Aperto > Urbano > Città; Aperto > Urbano > Paese					74727	43.7753495,7.5029213	